;id;Name;Main Story;Main + Extras;Completionist;All Styles;Platforms;Genre;Developer;Publisher;NA;EU;JP
0;100000.0; Rex Ronan: Experimental Surgeon ;-- ;-- ;-- ;-- ;NAN;NAN;NAN;NAN;NAN;NAN;NAN
1;100001.0; Tintin - Prisoners Of The Sun ;-- ;-- ;-- ;-- ;NAN;NAN;NAN;NAN;NAN;NAN;NAN
2;100002.0; Natsuki Chronicles ;-- ;-- ;-- ;-- ;NAN;NAN;NAN;NAN;NAN;NAN;NAN
3;100003.0; The Radio Station ;-- ;-- ;3 Hours ;3 Hours ;   PC ;NAN;   Chilla's Art ;   Chilla's Art ;October 30, 2021 ;October 30, 2021 ;NAN
4;100004.0; Silver Screen Story ;5 Hours ;-- ;-- ;5 Hours ;   Mobile, Nintendo Switch ;   Management ;   Kairosoft ;   Kairosoft ;June 07, 2019 ;NAN;NAN
5;100005.0; Words Hurt ;-- ;-- ;-- ;-- ;NAN;NAN;NAN;NAN;NAN;NAN;NAN
6;100006.0; WEI OR DIE ;-- ;-- ;-- ;-- ;NAN;NAN;NAN;NAN;NAN;NAN;NAN
7;100007.0; PBA Basketball Slam 2021 ;-- ;-- ;-- ;-- ;NAN;NAN;NAN;NAN;NAN;NAN;NAN
8;100008.0; Hammer time! ;-- ;-- ;-- ;-- ;NAN;NAN;NAN;NAN;NAN;NAN;NAN
9;100009.0;" !""DEPLOYMENT""! ";-- ;-- ;-- ;-- ;NAN;NAN;NAN;NAN;NAN;NAN;NAN
10;100010.0; Dangerous platform ;-- ;-- ;-- ;-- ;NAN;NAN;NAN;NAN;NAN;NAN;NAN
11;100011.0; Gulp ;-- ;-- ;-- ;-- ;NAN;NAN;NAN;NAN;NAN;NAN;NAN
12;100012.0; NMNE ;33 Mins ;-- ;-- ;33 Mins ;   PC ;   Horror ;   AK Studio ;   AK Studio ;November 08, 2021 ;November 08, 2021 ;NAN
13;100013.0; Rowdy Rudy's Revenge ;55 Mins ;-- ;-- ;55 Mins ;   PC ;NAN;   Doomkid ;NAN;January 06, 2019 ;January 06, 2019 ;NAN
14;100014.0; Annihilation ;-- ;-- ;-- ;-- ;NAN;NAN;NAN;NAN;NAN;NAN;NAN
15;100015.0; Forever... ;-- ;-- ;-- ;-- ;NAN;NAN;NAN;NAN;NAN;NAN;NAN
16;100016.0; Space Hole 2016 ;-- ;-- ;-- ;-- ;NAN;NAN;NAN;NAN;NAN;NAN;NAN
17;100017.0; Tiny Tina's Assault on Dragon Keep: A Wonderlands One-Shot Adventure ;3½ Hours ;5½ Hours ;-- ;4½ Hours ;   PC, PlayStation 4, PlayStation 5, Xbox One, Xbox Series X/S ;NAN;NAN;   2K ;November 09, 2021 ;November 09, 2021 ;NAN
18;100018.0; One Last Memory ;-- ;-- ;-- ;-- ;NAN;NAN;NAN;NAN;NAN;NAN;NAN
19;100019.0; Tiny Troops ;-- ;-- ;-- ;-- ;NAN;NAN;NAN;NAN;NAN;NAN;NAN
20;100020.0; Charlie J. Cool ;-- ;-- ;-- ;-- ;NAN;NAN;NAN;NAN;NAN;NAN;NAN
21;100021.0; Center Court ;-- ;-- ;-- ;-- ;NAN;NAN;NAN;NAN;NAN;NAN;NAN
22;100022.0; Bubble Gun ;-- ;-- ;-- ;-- ;NAN;NAN;NAN;NAN;NAN;NAN;NAN
23;100023.0; Love Sweets ;-- ;-- ;-- ;-- ;   PC ;NAN;   Moonstone ;NAN;October 28, 2021 ;NAN;April 25, 2014 
24;100024.0; Tales of Luminaria ;-- ;-- ;-- ;-- ;NAN;NAN;NAN;NAN;NAN;NAN;NAN
25;100025.0; Keo ;-- ;-- ;NAN;NAN;   PC, PlayStation 5 ;   Racing/Driving ;   Redcatpig Studio ;   Digital Matters Publishing ;NAN;NAN;NAN
26;100026.0; The Oath of The Dark Magic Queen ;-- ;-- ;-- ;-- ;NAN;NAN;NAN;NAN;NAN;NAN;NAN
27;100027.0; Dumb Ways to Draw ;-- ;-- ;-- ;-- ;NAN;NAN;NAN;NAN;NAN;NAN;NAN
28;100028.0; Monstrous Lovers ;-- ;-- ;-- ;-- ;NAN;NAN;NAN;NAN;NAN;NAN;NAN
29;100029.0; Purrgatory ;-- ;-- ;-- ;-- ;NAN;NAN;NAN;NAN;NAN;NAN;NAN
30;100030.0; Assassin creed chronicles trilogy ;-- ;-- ;-- ;-- ;NAN;NAN;NAN;NAN;NAN;NAN;NAN
31;100031.0; Slipstream GX ;-- ;-- ;-- ;-- ;NAN;NAN;NAN;NAN;NAN;NAN;NAN
32;100032.0; Lawn Mowing Simulator ;-- ;-- ;-- ;-- ;NAN;NAN;NAN;NAN;NAN;NAN;NAN
33;100033.0; A Wife And Mother ;-- ;-- ;-- ;-- ;NAN;NAN;NAN;NAN;NAN;NAN;NAN
34;100034.0; A Mothers Love ;-- ;-- ;-- ;-- ;NAN;NAN;NAN;NAN;NAN;NAN;NAN
35;100035.0; Areas of Gray ;-- ;-- ;-- ;-- ;NAN;NAN;NAN;NAN;NAN;NAN;NAN
36;100036.0; Balance of the Force ;-- ;-- ;-- ;-- ;NAN;NAN;NAN;NAN;NAN;NAN;NAN
37;100037.0; Become A Rock Star ;-- ;-- ;-- ;-- ;NAN;NAN;NAN;NAN;NAN;NAN;NAN
38;100038.0; Blackmailing the Family ;-- ;-- ;-- ;-- ;NAN;NAN;NAN;NAN;NAN;NAN;NAN
39;100039.0; Legend of Korra Book 5 - Untold ;-- ;-- ;-- ;-- ;NAN;NAN;NAN;NAN;NAN;NAN;NAN
40;100040.0; Kanna Nozaki's Erotic Troubles: Case Closed with sex! ;-- ;-- ;-- ;-- ;   PC ;NAN;   Typhoon Com ;NAN;November 01, 2020 ;November 01, 2020 ;September 01, 2017 
41;100041.0; Bitcoin Man Clicker ;-- ;-- ;-- ;-- ;NAN;NAN;NAN;NAN;NAN;NAN;NAN
42;100042.0; Isonzo ;-- ;-- ;-- ;-- ;NAN;NAN;NAN;NAN;NAN;NAN;NAN
43;100043.0; Jagged Alliance 3 ;-- ;-- ;-- ;-- ;NAN;NAN;NAN;NAN;NAN;NAN;NAN
44;100044.0; Lust Theory - Season 1 ;-- ;-- ;-- ;-- ;NAN;NAN;NAN;NAN;NAN;NAN;NAN
45;100045.0; Manor Lords ;-- ;-- ;-- ;-- ;NAN;NAN;NAN;NAN;NAN;NAN;NAN
46;100046.0; Milk outside a bag of milk outside a bag of milk ;-- ;-- ;-- ;-- ;NAN;NAN;NAN;NAN;NAN;NAN;NAN
47;100047.0; Mortal Online 2 ;-- ;-- ;-- ;-- ;NAN;NAN;NAN;NAN;NAN;NAN;NAN
48;100048.0; No More Room In Hell 2 ;-- ;-- ;-- ;-- ;NAN;NAN;NAN;NAN;NAN;NAN;NAN
49;100049.0; OU ;-- ;-- ;-- ;-- ;NAN;NAN;NAN;NAN;NAN;NAN;NAN
50;100050.0; Outbreak Island ;-- ;-- ;-- ;-- ;NAN;NAN;NAN;NAN;NAN;NAN;NAN
51;100051.0; PARANOIA PLACE ;-- ;-- ;-- ;-- ;NAN;NAN;NAN;NAN;NAN;NAN;NAN
52;100052.0; PalmRide ;-- ;-- ;-- ;-- ;NAN;NAN;NAN;NAN;NAN;NAN;NAN
53;100053.0; Pharaoh: A New Era ;-- ;-- ;-- ;-- ;NAN;NAN;NAN;NAN;NAN;NAN;NAN
54;100054.0; Propnight ;-- ;-- ;-- ;-- ;NAN;NAN;NAN;NAN;NAN;NAN;NAN
55;100055.0; Red Frost ;-- ;-- ;-- ;-- ;NAN;NAN;NAN;NAN;NAN;NAN;NAN
56;100056.0; Saviorless ;-- ;-- ;-- ;-- ;NAN;NAN;NAN;NAN;NAN;NAN;NAN
57;100057.0; Scathe ;-- ;-- ;-- ;-- ;NAN;NAN;NAN;NAN;NAN;NAN;NAN
58;100058.0; Skabma - Snowfall ;-- ;-- ;-- ;-- ;NAN;NAN;NAN;NAN;NAN;NAN;NAN
59;100059.0; Sonority ;-- ;-- ;-- ;-- ;NAN;NAN;NAN;NAN;NAN;NAN;NAN
60;100060.0; House of Sin ;-- ;-- ;-- ;-- ;NAN;NAN;NAN;NAN;NAN;NAN;NAN
61;100061.0; Spaceflux ;-- ;-- ;-- ;-- ;NAN;NAN;NAN;NAN;NAN;NAN;NAN
62;100062.0; Higgs Boson: Timed Puzzle ;-- ;-- ;-- ;-- ;NAN;NAN;NAN;NAN;NAN;NAN;NAN
63;100063.0; Terraformers ;-- ;-- ;-- ;-- ;NAN;NAN;NAN;NAN;NAN;NAN;NAN
64;100064.0; The Cure ;-- ;-- ;-- ;-- ;NAN;NAN;NAN;NAN;NAN;NAN;NAN
65;100065.0; Hextech Mayhem: A League of Legends Story ;-- ;-- ;-- ;-- ;NAN;NAN;NAN;NAN;NAN;NAN;NAN
66;100066.0; The Signal State ;-- ;-- ;-- ;-- ;NAN;NAN;NAN;NAN;NAN;NAN;NAN
67;100067.0; Them and Us ;-- ;-- ;-- ;-- ;NAN;NAN;NAN;NAN;NAN;NAN;NAN
68;100068.0; To Hell With The Ugly ;-- ;-- ;-- ;-- ;NAN;NAN;NAN;NAN;NAN;NAN;NAN
69;100069.0; V Rising ;-- ;-- ;-- ;-- ;NAN;NAN;NAN;NAN;NAN;NAN;NAN
70;100070.0; 死寂（Deathly Stillness） ;-- ;-- ;-- ;-- ;NAN;NAN;NAN;NAN;NAN;NAN;NAN
71;100071.0; 鬼谷八荒 Tale of Immortal ;-- ;-- ;-- ;-- ;NAN;NAN;NAN;NAN;NAN;NAN;NAN
72;100072.0; Uninvited Guest ;2 Hours ;-- ;-- ;2 Hours ;   PC ;NAN;   AdroVGames ;   AdroVGames ;November 05, 2021 ;November 05, 2021 ;NAN
73;100073.0; Blue Archive ;-- ;-- ;-- ;-- ;NAN;NAN;NAN;NAN;NAN;NAN;NAN
74;100074.0; Wavetale ;-- ;-- ;-- ;-- ;NAN;NAN;   Zoink Games ;   Thunderful ;November 10, 2021 ;NAN;NAN
75;100075.0; Last Devil ;-- ;-- ;-- ;-- ;NAN;NAN;NAN;NAN;NAN;NAN;NAN
76;100076.0; UAZ Racing 4x4 ;-- ;-- ;-- ;-- ;NAN;NAN;NAN;NAN;NAN;NAN;NAN
77;100077.0; Blackheart Hotel ;-- ;-- ;-- ;-- ;NAN;NAN;NAN;NAN;NAN;NAN;NAN
78;100078.0; Chubby Holidays ;-- ;-- ;-- ;-- ;NAN;NAN;NAN;NAN;NAN;NAN;NAN
79;100079.0; Creature Get ;-- ;-- ;-- ;-- ;NAN;NAN;NAN;NAN;NAN;NAN;NAN
80;100080.0; Curvy Cougar Street ;-- ;-- ;-- ;-- ;NAN;NAN;NAN;NAN;NAN;NAN;NAN
81;100081.0; Dark Neighbourhood ;-- ;-- ;-- ;-- ;NAN;NAN;NAN;NAN;NAN;NAN;NAN
82;100082.0; Dr Amana Sexual Therapist ;-- ;-- ;-- ;-- ;NAN;NAN;NAN;NAN;NAN;NAN;NAN
83;100083.0; Flirty F ;-- ;-- ;-- ;-- ;NAN;NAN;NAN;NAN;NAN;NAN;NAN
84;100084.0; Good Girl Gone Bad ;-- ;-- ;-- ;-- ;NAN;NAN;NAN;NAN;NAN;NAN;NAN
85;100085.0; Haley ;-- ;-- ;-- ;-- ;NAN;NAN;NAN;NAN;NAN;NAN;NAN
86;100086.0; Hangover with a trick ;-- ;-- ;-- ;-- ;NAN;NAN;NAN;NAN;NAN;NAN;NAN
87;100087.0; Harem Hotel ;-- ;-- ;-- ;-- ;NAN;NAN;NAN;NAN;NAN;NAN;NAN
88;100088.0; Harem Island ;-- ;-- ;-- ;-- ;NAN;NAN;NAN;NAN;NAN;NAN;NAN
89;100089.0; Harem Highlander ;-- ;-- ;-- ;-- ;NAN;NAN;NAN;NAN;NAN;NAN;NAN
90;100090.0; Her Birthday ;-- ;-- ;-- ;-- ;NAN;NAN;NAN;NAN;NAN;NAN;NAN
91;100091.0; High Jinx ;-- ;-- ;-- ;-- ;NAN;NAN;NAN;NAN;NAN;NAN;NAN
92;100092.0; His Legacy ;-- ;-- ;-- ;-- ;NAN;NAN;NAN;NAN;NAN;NAN;NAN
93;100093.0; Horizon of passion ;-- ;-- ;-- ;-- ;NAN;NAN;NAN;NAN;NAN;NAN;NAN
94;100094.0; How To Fix The Future ;-- ;-- ;-- ;-- ;NAN;NAN;NAN;NAN;NAN;NAN;NAN
95;100095.0; Insexual Awakening ;-- ;-- ;-- ;-- ;NAN;NAN;NAN;NAN;NAN;NAN;NAN
96;100096.0; Innocent trap ;-- ;-- ;-- ;-- ;NAN;NAN;NAN;NAN;NAN;NAN;NAN
97;100097.0; Island of Lust ;-- ;-- ;-- ;-- ;NAN;NAN;NAN;NAN;NAN;NAN;NAN
98;100098.0; Kara ;-- ;-- ;-- ;-- ;NAN;NAN;NAN;NAN;NAN;NAN;NAN
99;100099.0; Jessica Oneal's Apocalypse Chronicles ;-- ;-- ;-- ;-- ;NAN;NAN;NAN;NAN;NAN;NAN;NAN
100;100100.0; Kathoey ;-- ;-- ;-- ;-- ;NAN;NAN;NAN;NAN;NAN;NAN;NAN
101;100101.0; Khan ;-- ;-- ;-- ;-- ;NAN;NAN;NAN;NAN;NAN;NAN;NAN
102;100102.0; Kidnap ;-- ;-- ;-- ;-- ;NAN;NAN;NAN;NAN;NAN;NAN;NAN
103;100103.0; Killer Project ;-- ;-- ;-- ;-- ;NAN;NAN;NAN;NAN;NAN;NAN;NAN
104;100104.0; Kindread - The Redburns ;-- ;-- ;-- ;-- ;NAN;NAN;NAN;NAN;NAN;NAN;NAN
105;100105.0; Knightly passions ;-- ;-- ;-- ;-- ;NAN;NAN;NAN;NAN;NAN;NAN;NAN
106;100106.0; Knockout Master ;-- ;-- ;-- ;-- ;NAN;NAN;NAN;NAN;NAN;NAN;NAN
107;100107.0; Knight of the Lust Temple ;-- ;-- ;-- ;-- ;NAN;NAN;NAN;NAN;NAN;NAN;NAN
108;100108.0; Lady In Blue ;-- ;-- ;-- ;-- ;NAN;NAN;NAN;NAN;NAN;NAN;NAN
109;100109.0; Lana And The Milking Table ;-- ;-- ;-- ;-- ;NAN;NAN;NAN;NAN;NAN;NAN;NAN
110;100110.0; Last lustful war ;-- ;-- ;-- ;-- ;NAN;NAN;NAN;NAN;NAN;NAN;NAN
111;100111.0; Life with Mary ;-- ;-- ;-- ;-- ;NAN;NAN;NAN;NAN;NAN;NAN;NAN
112;100112.0; Life With Pleasure ;-- ;-- ;-- ;-- ;NAN;NAN;NAN;NAN;NAN;NAN;NAN
113;100113.0; Long Trip To Your Moms ;-- ;-- ;-- ;-- ;NAN;NAN;NAN;NAN;NAN;NAN;NAN
114;100114.0; Lord King ;-- ;-- ;-- ;-- ;NAN;NAN;NAN;NAN;NAN;NAN;NAN
115;100115.0; Love Next Door ;-- ;-- ;-- ;-- ;NAN;NAN;NAN;NAN;NAN;NAN;NAN
116;100116.0; Lust Affect ;-- ;-- ;-- ;-- ;NAN;NAN;NAN;NAN;NAN;NAN;NAN
117;100117.0; Lucy's Special Day ;-- ;-- ;-- ;-- ;NAN;NAN;NAN;NAN;NAN;NAN;NAN
118;100118.0; Lust And Vengeance ;-- ;-- ;-- ;-- ;NAN;NAN;NAN;NAN;NAN;NAN;NAN
119;100119.0; Mad Muks ;-- ;-- ;-- ;-- ;NAN;NAN;NAN;NAN;NAN;NAN;NAN
120;100120.0; Maid and Maidens ;-- ;-- ;-- ;-- ;NAN;NAN;NAN;NAN;NAN;NAN;NAN
121;100121.0; Maou Sama ;-- ;-- ;-- ;-- ;NAN;NAN;NAN;NAN;NAN;NAN;NAN
122;100122.0; Marked for Eternity ;-- ;-- ;-- ;-- ;NAN;NAN;NAN;NAN;NAN;NAN;NAN
123;100123.0; Maya and friends ;-- ;-- ;-- ;-- ;NAN;NAN;NAN;NAN;NAN;NAN;NAN
124;100124.0; Measuring Up ;-- ;-- ;-- ;-- ;NAN;NAN;NAN;NAN;NAN;NAN;NAN
125;100125.0; Measuring My Cum ;-- ;-- ;-- ;-- ;NAN;NAN;NAN;NAN;NAN;NAN;NAN
126;100126.0; Milf Odyssey ;-- ;-- ;-- ;-- ;NAN;NAN;NAN;NAN;NAN;NAN;NAN
127;100127.0; milfs control ;-- ;-- ;-- ;-- ;NAN;NAN;NAN;NAN;NAN;NAN;NAN
128;100128.0; milfs villa ;-- ;-- ;-- ;-- ;NAN;NAN;NAN;NAN;NAN;NAN;NAN
129;100129.0; Milfy City ;-- ;-- ;-- ;-- ;NAN;NAN;NAN;NAN;NAN;NAN;NAN
130;100130.0; Milky Touch ;-- ;-- ;-- ;-- ;NAN;NAN;NAN;NAN;NAN;NAN;NAN
131;100131.0; Mind Society ;-- ;-- ;-- ;-- ;NAN;NAN;NAN;NAN;NAN;NAN;NAN
132;100132.0; Mirror Hearts ;-- ;-- ;-- ;-- ;NAN;NAN;NAN;NAN;NAN;NAN;NAN
133;100133.0; Mi Unica Hija ;-- ;-- ;-- ;-- ;NAN;NAN;NAN;NAN;NAN;NAN;NAN
134;100134.0; Movie Night ;-- ;-- ;-- ;-- ;NAN;NAN;NAN;NAN;NAN;NAN;NAN
135;100135.0; MOS Last Summer ;-- ;-- ;-- ;-- ;NAN;NAN;NAN;NAN;NAN;NAN;NAN
136;100136.0; My Secret Fever ;-- ;-- ;-- ;-- ;NAN;NAN;NAN;NAN;NAN;NAN;NAN
137;100137.0; My Daughters Plaything ;-- ;-- ;-- ;-- ;NAN;NAN;NAN;NAN;NAN;NAN;NAN
138;100138.0; My Dream Girl ;-- ;-- ;-- ;-- ;NAN;NAN;NAN;NAN;NAN;NAN;NAN
139;100139.0; My Futa Valentine ;-- ;-- ;-- ;-- ;NAN;NAN;NAN;NAN;NAN;NAN;NAN
140;100140.0; my girlfriends amnesia ;-- ;-- ;-- ;-- ;NAN;NAN;NAN;NAN;NAN;NAN;NAN
141;100141.0; My Girlfriends Friends ;-- ;-- ;-- ;-- ;NAN;NAN;NAN;NAN;NAN;NAN;NAN
142;100142.0; My New Family ;-- ;-- ;-- ;-- ;NAN;NAN;NAN;NAN;NAN;NAN;NAN
143;100143.0; My Pleasure ;-- ;-- ;-- ;-- ;NAN;NAN;NAN;NAN;NAN;NAN;NAN
144;100144.0; My Sister My Roommate ;-- ;-- ;-- ;-- ;NAN;NAN;NAN;NAN;NAN;NAN;NAN
145;100145.0; Mysteries of the Burroughs Manor ;-- ;-- ;-- ;-- ;NAN;NAN;NAN;NAN;NAN;NAN;NAN
146;100146.0; Mythic Manor ;-- ;-- ;-- ;-- ;NAN;NAN;NAN;NAN;NAN;NAN;NAN
147;100147.0; my summer with mom and sis ;-- ;-- ;-- ;-- ;NAN;NAN;NAN;NAN;NAN;NAN;NAN
148;100148.0; My Trip to Asia ;-- ;-- ;-- ;-- ;NAN;NAN;NAN;NAN;NAN;NAN;NAN
149;100149.0; Neko Paradise ;-- ;-- ;-- ;-- ;NAN;NAN;NAN;NAN;NAN;NAN;NAN
150;100150.0; No Saints ;-- ;-- ;-- ;-- ;NAN;NAN;NAN;NAN;NAN;NAN;NAN
151;100151.0; No More Secrets ;-- ;-- ;-- ;-- ;NAN;NAN;NAN;NAN;NAN;NAN;NAN
152;100152.0; Nothing is Forever ;-- ;-- ;-- ;-- ;NAN;NAN;NAN;NAN;NAN;NAN;NAN
153;100153.0; Now and Then ;-- ;-- ;-- ;-- ;NAN;NAN;NAN;NAN;NAN;NAN;NAN
154;100154.0; Nya! ;-- ;-- ;-- ;-- ;NAN;NAN;NAN;NAN;NAN;NAN;NAN
155;100155.0; Off The Record ;-- ;-- ;-- ;-- ;NAN;NAN;NAN;NAN;NAN;NAN;NAN
156;100156.0; Oh Daddy ;-- ;-- ;-- ;-- ;NAN;NAN;NAN;NAN;NAN;NAN;NAN
157;100157.0; Old Church ;-- ;-- ;-- ;-- ;NAN;NAN;NAN;NAN;NAN;NAN;NAN
158;100158.0; Once in a lifetime ;-- ;-- ;-- ;-- ;NAN;NAN;NAN;NAN;NAN;NAN;NAN
159;100159.0; Oopsy Daisy ;-- ;-- ;-- ;-- ;NAN;NAN;NAN;NAN;NAN;NAN;NAN
160;100160.0; One Night in Badger City ;-- ;-- ;-- ;-- ;NAN;NAN;NAN;NAN;NAN;NAN;NAN
161;100161.0; Orange Trainer ;-- ;-- ;-- ;-- ;NAN;NAN;NAN;NAN;NAN;NAN;NAN
162;100162.0; Parasite Black ;-- ;-- ;-- ;-- ;NAN;NAN;NAN;NAN;NAN;NAN;NAN
163;100163.0; Parental Love ;-- ;-- ;-- ;-- ;NAN;NAN;NAN;NAN;NAN;NAN;NAN
164;100164.0; Peerless Lust ;-- ;-- ;-- ;-- ;NAN;NAN;NAN;NAN;NAN;NAN;NAN
165;100165.0; Penny for Your Thoughts ;-- ;-- ;-- ;-- ;NAN;NAN;NAN;NAN;NAN;NAN;NAN
166;100166.0; Personal Trainer ;-- ;-- ;-- ;-- ;NAN;NAN;NAN;NAN;NAN;NAN;NAN
167;100167.0; Pervert Action Timelapse ;-- ;-- ;-- ;-- ;NAN;NAN;NAN;NAN;NAN;NAN;NAN
168;100168.0; Pine Falls ;-- ;-- ;-- ;-- ;NAN;NAN;NAN;NAN;NAN;NAN;NAN
169;100169.0; Pine Falls 2 ;-- ;-- ;-- ;-- ;NAN;NAN;NAN;NAN;NAN;NAN;NAN
170;100170.0; Plump City 2 ;-- ;-- ;-- ;-- ;NAN;NAN;NAN;NAN;NAN;NAN;NAN
171;100171.0; Powers That Be ;-- ;-- ;-- ;-- ;NAN;NAN;NAN;NAN;NAN;NAN;NAN
172;100172.0; Price For Freedom ;-- ;-- ;-- ;-- ;NAN;NAN;NAN;NAN;NAN;NAN;NAN
173;100173.0; project ATMOSPHERE ;-- ;-- ;-- ;-- ;NAN;NAN;NAN;NAN;NAN;NAN;NAN
174;100174.0; Project Myriam Life and Explorations ;-- ;-- ;-- ;-- ;NAN;NAN;NAN;NAN;NAN;NAN;NAN
175;100175.0; Proud Father ;-- ;-- ;-- ;-- ;NAN;NAN;NAN;NAN;NAN;NAN;NAN
176;100176.0; Labyrinth of Galleria: Coven of Dusk ;-- ;-- ;-- ;-- ;NAN;NAN;NAN;NAN;NAN;NAN;NAN
177;100177.0; Grand Theft Auto III – The Definitive Edition ;-- ;-- ;-- ;-- ;NAN;NAN;NAN;NAN;NAN;NAN;NAN
178;100178.0; Grand Theft Auto: Vice City – The Definitive Edition ;-- ;-- ;-- ;-- ;NAN;NAN;NAN;NAN;NAN;NAN;NAN
179;100179.0; Grand Theft Auto: San Andreas – The Definitive Edition ;-- ;-- ;-- ;-- ;NAN;NAN;NAN;NAN;NAN;NAN;NAN
180;100180.0; Ace the Space-Case ;-- ;-- ;-- ;-- ;NAN;NAN;NAN;NAN;NAN;NAN;NAN
181;100181.0; Underwater ;-- ;-- ;-- ;-- ;NAN;NAN;NAN;NAN;NAN;NAN;NAN
182;100182.0; Space Doomer ;-- ;-- ;-- ;-- ;NAN;NAN;NAN;NAN;NAN;NAN;NAN
183;100183.0; Tomb Raider (Slots) ;15 Mins ;-- ;-- ;15 Mins ;   Mobile ;NAN;   Microgaming ;   Microgaming ;October 2004 ;October 2004 ;October 2004 
184;100184.0; HotHead Heights ;-- ;-- ;-- ;-- ;NAN;NAN;NAN;NAN;NAN;NAN;NAN
185;100185.0; SYNTHETIK 2 ;-- ;-- ;-- ;-- ;NAN;NAN;NAN;NAN;NAN;NAN;NAN
186;100186.0; youstar 2 in the movies ;-- ;-- ;-- ;-- ;NAN;NAN;NAN;NAN;NAN;NAN;NAN
187;100187.0; Hell's High Harmonizers ;-- ;-- ;-- ;-- ;NAN;NAN;NAN;NAN;NAN;NAN;NAN
188;100188.0; The Sin Collector: Repentless ;-- ;-- ;-- ;-- ;NAN;NAN;NAN;NAN;NAN;NAN;NAN
189;100189.0; Fairytale Mosaics Cinderella ;-- ;-- ;-- ;-- ;NAN;NAN;NAN;NAN;NAN;NAN;NAN
190;100190.0; Queens Curse ;-- ;-- ;-- ;-- ;NAN;NAN;NAN;NAN;NAN;NAN;NAN
191;100191.0; Radiant ;-- ;-- ;-- ;-- ;NAN;NAN;NAN;NAN;NAN;NAN;NAN
192;100192.0; Raptus ;-- ;-- ;-- ;-- ;NAN;NAN;NAN;NAN;NAN;NAN;NAN
193;100193.0; Rebel Daughter ;-- ;-- ;-- ;-- ;NAN;NAN;NAN;NAN;NAN;NAN;NAN
194;100194.0; Reclusive Bay ;-- ;-- ;-- ;-- ;NAN;NAN;NAN;NAN;NAN;NAN;NAN
195;100195.0; Red Cloak ;-- ;-- ;-- ;-- ;NAN;NAN;NAN;NAN;NAN;NAN;NAN
196;100196.0; Resident Valentines ;-- ;-- ;-- ;-- ;NAN;NAN;NAN;NAN;NAN;NAN;NAN
197;100197.0; Robbery and Punishment ;-- ;-- ;-- ;-- ;NAN;NAN;NAN;NAN;NAN;NAN;NAN
198;100198.0; robots touch ;-- ;-- ;-- ;-- ;NAN;NAN;NAN;NAN;NAN;NAN;NAN
199;100199.0; Routine Checkup ;-- ;-- ;-- ;-- ;NAN;NAN;NAN;NAN;NAN;NAN;NAN
200;100200.0; math blaster ages 6 to 8 ;-- ;-- ;-- ;-- ;NAN;NAN;NAN;NAN;NAN;NAN;NAN
201;100201.0; SPACE FROG! ;-- ;-- ;-- ;-- ;NAN;NAN;NAN;NAN;NAN;NAN;NAN
202;100202.0; Neverbal ;-- ;-- ;-- ;-- ;NAN;NAN;NAN;NAN;NAN;NAN;NAN
203;100203.0; School of Love ;-- ;-- ;-- ;-- ;NAN;NAN;NAN;NAN;NAN;NAN;NAN
204;100204.0; Cuccchi ;-- ;-- ;-- ;-- ;NAN;NAN;NAN;NAN;NAN;NAN;NAN
205;100205.0; SexBot ;-- ;-- ;-- ;-- ;NAN;NAN;NAN;NAN;NAN;NAN;NAN
206;100206.0; Shaggy's Power ;-- ;-- ;-- ;-- ;NAN;NAN;NAN;NAN;NAN;NAN;NAN
207;100207.0; Shag the Hag ;-- ;-- ;-- ;-- ;NAN;NAN;NAN;NAN;NAN;NAN;NAN
208;100208.0; Shut Up And Dance ;-- ;-- ;-- ;-- ;NAN;NAN;NAN;NAN;NAN;NAN;NAN
209;100209.0; Shut Up And Dance Halloween ;-- ;-- ;-- ;-- ;NAN;NAN;NAN;NAN;NAN;NAN;NAN
210;100210.0; Sinful Life ;-- ;-- ;-- ;-- ;NAN;NAN;NAN;NAN;NAN;NAN;NAN
211;100211.0; Sinful Life Pt. 2 ;-- ;-- ;-- ;-- ;NAN;NAN;NAN;NAN;NAN;NAN;NAN
212;100212.0; Sister, Sister, Sister ;-- ;-- ;-- ;-- ;NAN;NAN;NAN;NAN;NAN;NAN;NAN
213;100213.0; Some Sexual Story ;-- ;-- ;-- ;-- ;NAN;NAN;NAN;NAN;NAN;NAN;NAN
214;100214.0; Space Corps XXX ;-- ;-- ;-- ;-- ;NAN;NAN;NAN;NAN;NAN;NAN;NAN
215;100215.0; spaced out ;-- ;-- ;-- ;-- ;NAN;NAN;NAN;NAN;NAN;NAN;NAN
216;100216.0; Star Channel 34 ;-- ;-- ;-- ;-- ;NAN;NAN;NAN;NAN;NAN;NAN;NAN
217;100217.0; Star Wars - Path of Lust ;-- ;-- ;-- ;-- ;NAN;NAN;NAN;NAN;NAN;NAN;NAN
218;100218.0; Knockout Home Fitness ;-- ;-- ;-- ;-- ;NAN;NAN;NAN;NAN;NAN;NAN;NAN
219;100219.0; Society of Lust ;-- ;-- ;-- ;-- ;NAN;NAN;NAN;NAN;NAN;NAN;NAN
220;100220.0; Starship Inanna ;-- ;-- ;-- ;-- ;NAN;NAN;NAN;NAN;NAN;NAN;NAN
221;100221.0; Strange Pills ;-- ;-- ;-- ;-- ;NAN;NAN;NAN;NAN;NAN;NAN;NAN
222;100222.0; Summer Scent ;-- ;-- ;-- ;-- ;NAN;NAN;NAN;NAN;NAN;NAN;NAN
223;100223.0; Summers Gone ;-- ;-- ;-- ;-- ;NAN;NAN;NAN;NAN;NAN;NAN;NAN
224;100224.0; Sunset Bodies ;-- ;-- ;-- ;-- ;NAN;NAN;NAN;NAN;NAN;NAN;NAN
225;100225.0; Supervillainy ;-- ;-- ;-- ;-- ;NAN;NAN;NAN;NAN;NAN;NAN;NAN
226;100226.0; Suspicious hypnosis ;-- ;-- ;-- ;-- ;NAN;NAN;NAN;NAN;NAN;NAN;NAN
227;100227.0; Sweet Times ;-- ;-- ;-- ;-- ;NAN;NAN;NAN;NAN;NAN;NAN;NAN
228;100228.0; Grand Tour Racing GT-R 400 ;-- ;-- ;-- ;-- ;NAN;NAN;NAN;NAN;NAN;NAN;NAN
229;100229.0; Debugger 3.16 // Recoded // Despair of the Developer Edition ;-- ;-- ;-- ;-- ;NAN;NAN;NAN;NAN;NAN;NAN;NAN
230;100230.0; Simulation World ;-- ;-- ;-- ;-- ;NAN;NAN;NAN;NAN;NAN;NAN;NAN
231;100231.0; King of Dragon Balls ;-- ;-- ;-- ;-- ;NAN;NAN;NAN;NAN;NAN;NAN;NAN
232;100232.0; In The Dark Forest ;-- ;-- ;-- ;-- ;NAN;NAN;NAN;NAN;NAN;NAN;NAN
233;100233.0; Happy Guy ;-- ;-- ;-- ;-- ;NAN;NAN;NAN;NAN;NAN;NAN;NAN
234;100234.0; far cry 6 vaas dlc ;-- ;-- ;-- ;-- ;NAN;NAN;NAN;NAN;NAN;NAN;NAN
235;100235.0; Squirrelmageddon! ;-- ;-- ;-- ;-- ;NAN;NAN;NAN;NAN;NAN;NAN;NAN
236;100236.0; Ren'ai, Karichaimashita - Emi & Hasumi Mini After Story ;-- ;-- ;-- ;-- ;NAN;NAN;NAN;NAN;NAN;NAN;NAN
237;100237.0; Cute Girl ;-- ;-- ;-- ;-- ;NAN;NAN;NAN;NAN;NAN;NAN;NAN
238;100238.0; Fly Corp ;-- ;-- ;-- ;-- ;NAN;NAN;NAN;NAN;NAN;NAN;NAN
